ID,TrainDate,TrainNo,StartingStation,EndingStation,TrainTypePrice,TrainTypeName,ArrivalTime,DepartureTime
1,2022/1/14,1,臺北,臺北-環島,19,莒光(有身障座位),06:10:00,06:10:00
2,2022/1/14,1007,基隆,鶯歌,10,區間快,06:44:00,06:44:00
3,2022/1/14,101,臺中,潮州,30,自強(推拉式自強號且無自行車車廂),05:35:00,05:35:00
4,2022/1/14,102,斗六,七堵,30,自強(推拉式自強號且有自行車車廂),05:00:00,05:00:00
5,2022/1/14,103,七堵,潮州,30,自強(推拉式自強號且有自行車車廂),05:57:00,05:57:00
6,2022/1/14,105,基隆,屏東,30,自強(推拉式自強號且無自行車車廂),06:13:00,06:13:00
7,2022/1/14,108,潮州,七堵,30,自強(推拉式自強號且無自行車車廂),05:14:00,05:24:00
8,2022/1/14,109,基隆,彰化,30,自強(推拉式自強號且無自行車車廂),07:34:00,07:34:00
9,2022/1/14,110,臺東,南港,30,普悠瑪,05:53:00,05:53:00
10,2022/1/14,1104,七堵,基隆,5,區間,05:59:00,05:59:00
11,2022/1/14,1105,北湖,苗栗,5,區間,05:54:00,05:59:00
12,2022/1/14,1106,樹林,基隆,5,區間,05:20:00,05:25:00
13,2022/1/14,1107,七堵,苗栗,5,區間,05:04:00,05:04:00
14,2022/1/14,1108,七堵,基隆,5,區間,06:34:00,06:34:00
15,2022/1/14,1109,樹林,新竹,5,區間,05:06:00,05:16:00
16,2022/1/14,111,南港,枋寮,30,普悠瑪,07:42:00,07:42:00
17,2022/1/14,1110,南港,基隆,5,區間,06:36:00,06:36:00
18,2022/1/14,1112,新竹,基隆,5,區間,05:01:00,05:01:00
19,2022/1/14,1117,基隆,苗栗,5,區間,05:33:00,05:33:00
20,2022/1/14,112,潮州,基隆,30,自強(推拉式自強號且無自行車車廂),06:06:00,06:14:00
21,2022/1/14,1121,基隆,新竹,5,區間,05:55:00,05:55:00
22,2022/1/14,1126,北湖,基隆,5,區間,05:43:00,05:55:00
23,2022/1/14,1127,基隆,苗栗,5,區間,06:37:00,06:37:00
24,2022/1/14,1128,新竹,基隆,5,區間,06:02:00,06:02:00
25,2022/1/14,1129,基隆,北湖,5,區間,06:58:00,06:58:00
26,2022/1/14,113,七堵,屏東,30,自強(推拉式自強號且有自行車車廂),07:49:00,07:49:00
27,2022/1/14,1132,新竹,基隆,5,區間,06:22:00,06:22:00
28,2022/1/14,1134,新竹,基隆,5,區間,06:44:00,06:44:00
29,2022/1/14,1135,基隆,北湖,5,區間,07:24:00,07:24:00
30,2022/1/14,1136,北湖,瑞芳,5,區間,07:27:00,07:39:00
31,2022/1/14,1137,基隆,苗栗,5,區間,07:44:00,07:44:00
32,2022/1/14,1138,三義,基隆,5,區間,06:36:00,06:36:00
33,2022/1/14,114,潮州,七堵,30,自強(推拉式自強號且無自行車車廂),07:19:00,07:32:00
34,2022/1/14,1141,基隆,新竹,5,區間,07:56:00,07:56:00
35,2022/1/14,1147,基隆,苗栗,5,區間,08:37:00,08:37:00
36,2022/1/14,1148,苗栗,瑞芳,5,區間,07:24:00,07:24:00
37,2022/1/14,115,基隆,屏東,30,自強(推拉式自強號且無自行車車廂),08:14:00,08:14:00
38,2022/1/14,1151,基隆,新竹,5,區間,08:58:00,08:58:00
39,2022/1/14,1152,新竹,瑞芳,5,區間,08:29:00,08:29:00
40,2022/1/14,1157,基隆,苗栗,5,區間,09:38:00,09:38:00
41,2022/1/14,1158,苗栗,基隆,5,區間,08:11:00,08:11:00
42,2022/1/14,116,屏東,七堵,30,自強(推拉式自強號且無自行車車廂),08:45:00,08:45:00
43,2022/1/14,1161,基隆,新竹,5,區間,10:00:00,10:00:00
44,2022/1/14,1162,新竹,基隆,5,區間,09:30:00,09:30:00
45,2022/1/14,1165,基隆,七堵,5,區間,10:11:00,10:11:00
46,2022/1/14,1167,基隆,北湖,5,區間,10:45:00,10:45:00
47,2022/1/14,1168,苗栗,基隆,5,區間,09:11:00,09:11:00
48,2022/1/14,1169,北湖,苗栗,5,區間,12:34:00,12:44:00
49,2022/1/14,117,基隆,潮州,30,自強(推拉式自強號且無自行車車廂),09:08:00,09:08:00
50,2022/1/14,1171,瑞芳,北湖,5,區間,10:59:00,10:59:00
51,2022/1/14,1172,新竹,基隆,5,區間,10:44:00,10:44:00
52,2022/1/14,1177,瑞芳,苗栗,5,區間,11:30:00,11:30:00
53,2022/1/14,1178,苗栗,基隆,5,區間,10:28:00,10:28:00
54,2022/1/14,118,潮州,七堵,30,自強(推拉式自強號且無自行車車廂),09:29:00,09:29:00
55,2022/1/14,1181,基隆,新竹,5,區間,11:48:00,11:48:00
56,2022/1/14,1182,新竹,基隆,5,區間,11:37:00,11:37:00
57,2022/1/14,1187,基隆,苗栗,5,區間,12:31:00,12:31:00
58,2022/1/14,1188,苗栗,基隆,5,區間,11:12:00,11:12:00
59,2022/1/14,1190,七堵,基隆,5,區間,14:50:00,14:50:00
60,2022/1/14,1191,基隆,新竹,5,區間,12:49:00,12:49:00
61,2022/1/14,1192,新竹,基隆,5,區間,12:39:00,12:39:00
62,2022/1/14,1197,基隆,苗栗,5,區間,13:41:00,13:41:00
63,2022/1/14,1198,苗栗,基隆,5,區間,12:12:00,12:12:00
64,2022/1/14,1200,樹林,基隆,5,區間,14:20:00,14:25:00
65,2022/1/14,1201,基隆,新竹,5,區間,14:02:00,14:02:00
66,2022/1/14,1202,北湖,基隆,5,區間,13:40:00,13:52:00
67,2022/1/14,1207,基隆,苗栗,5,區間,14:41:00,14:41:00
68,2022/1/14,1208,苗栗,基隆,5,區間,13:12:00,13:12:00
69,2022/1/14,121,七堵,屏東,30,自強(推拉式自強號且無自行車車廂),10:30:00,10:30:00
70,2022/1/14,1211,基隆,新竹,5,區間,14:55:00,14:55:00
71,2022/1/14,1212,新竹,基隆,5,區間,14:53:00,14:53:00
72,2022/1/14,1215,基隆,七堵,5,區間,15:23:00,15:23:00
73,2022/1/14,1217,基隆,苗栗,5,區間,15:34:00,15:34:00
74,2022/1/14,1218,苗栗,基隆,5,區間,14:02:00,14:02:00
75,2022/1/14,122,潮州,基隆,30,自強(推拉式自強號且無自行車車廂),11:22:00,11:30:00
76,2022/1/14,1220,樹林,基隆,5,區間,16:18:00,16:24:00
77,2022/1/14,1221,基隆,新竹,5,區間,15:49:00,15:49:00
78,2022/1/14,1222,新竹,基隆,5,區間,15:22:00,15:22:00
79,2022/1/14,1225,基隆,七堵,5,區間,16:07:00,16:07:00
80,2022/1/14,1226,樹林,基隆,5,區間,17:22:00,17:24:00
81,2022/1/14,1227,基隆,苗栗,5,區間,16:27:00,16:27:00
82,2022/1/14,1228,苗栗,基隆,5,區間,15:12:00,15:12:00
83,2022/1/14,123,七堵,屏東,30,自強(推拉式自強號且無自行車車廂),11:25:00,11:25:00
84,2022/1/14,1231,基隆,新竹,5,區間,16:40:00,16:40:00
85,2022/1/14,1232,新竹,基隆,5,區間,16:36:00,16:36:00
86,2022/1/14,1235,基隆,新竹,5,區間,17:18:00,17:18:00
87,2022/1/14,1237,基隆,苗栗,5,區間,17:43:00,17:43:00
88,2022/1/14,1238,苗栗,基隆,5,區間,16:11:00,16:11:00
89,2022/1/14,1241,基隆,新竹,5,區間,18:20:00,18:20:00
90,2022/1/14,1242,新竹,基隆,5,區間,17:45:00,17:45:00
91,2022/1/14,1247,基隆,苗栗,5,區間,18:36:00,18:36:00
92,2022/1/14,1248,苗栗,基隆,5,區間,17:20:00,17:20:00
93,2022/1/14,1249,基隆,七堵,5,區間,18:42:00,18:42:00
94,2022/1/14,125,七堵,屏東,30,自強(推拉式自強號且無自行車車廂),12:28:00,12:28:00
95,2022/1/14,1251,基隆,新竹,5,區間,18:59:00,18:59:00
96,2022/1/14,1252,新竹,基隆,5,區間,18:40:00,18:40:00
97,2022/1/14,1257,基隆,三義,5,區間,19:40:00,19:40:00
98,2022/1/14,1258,苗栗,基隆,5,區間,18:15:00,18:15:00
99,2022/1/14,1261,基隆,中壢,5,區間,19:59:00,19:59:00
100,2022/1/14,1262,新竹,基隆,5,區間,19:28:00,19:28:00
101,2022/1/14,1263,基隆,新竹,5,區間,20:17:00,20:17:00
102,2022/1/14,1265,北湖,苗栗,5,區間,22:16:00,22:26:00
103,2022/1/14,1267,基隆,苗栗,5,區間,20:54:00,20:54:00
104,2022/1/14,1268,苗栗,基隆,5,區間,19:05:00,19:05:00
105,2022/1/14,127,南港,臺東,30,普悠瑪,13:14:00,13:14:00
106,2022/1/14,1270,桃園,松山,5,區間,21:42:00,21:42:00
107,2022/1/14,1271,基隆,北湖,5,區間,20:37:00,20:37:00
108,2022/1/14,1272,新竹,基隆,5,區間,20:03:00,20:03:00
109,2022/1/14,1273,基隆,新竹,5,區間,21:24:00,21:24:00
110,2022/1/14,1278,苗栗,基隆,5,區間,20:10:00,20:10:00
111,2022/1/14,128,屏東,基隆,30,自強(推拉式自強號且無自行車車廂),13:12:00,13:12:00
112,2022/1/14,1280,中壢,瑞芳,5,區間,21:54:00,21:54:00
113,2022/1/14,1281,基隆,新竹,5,區間,21:47:00,21:47:00
114,2022/1/14,1282,新竹,七堵,5,區間,21:38:00,21:38:00
115,2022/1/14,1283,松山,北湖,5,區間,22:51:00,22:51:00
116,2022/1/14,1285,基隆,樹林,5,區間,22:21:00,22:21:00
117,2022/1/14,1287,基隆,中壢,5,區間,22:43:00,22:43:00
118,2022/1/14,1289,基隆,樹林,5,區間,23:03:00,23:03:00
119,2022/1/14,129,基隆,枋寮,30,自強(推拉式自強號且無自行車車廂),13:12:00,13:12:00
120,2022/1/14,1295,基隆,七堵,5,區間,23:30:00,23:30:00
121,2022/1/14,1298,苗栗,南港,5,區間,22:08:00,22:08:00
122,2022/1/14,130,彰化,基隆,30,自強(推拉式自強號且無自行車車廂),15:54:00,15:54:00
123,2022/1/14,134,屏東,基隆,30,自強(推拉式自強號且無自行車車廂),14:12:00,14:12:00
124,2022/1/14,135,七堵,屏東,30,自強(推拉式自強號且無自行車車廂),14:28:00,14:28:00
125,2022/1/14,136,枋寮,南港,30,普悠瑪,14:38:00,14:38:00
126,2022/1/14,138,屏東,七堵,30,自強(推拉式自強號且無自行車車廂),15:13:00,15:13:00
127,2022/1/14,139,七堵,潮州,30,自強(推拉式自強號且無自行車車廂),16:28:00,16:28:00
128,2022/1/14,141,七堵,潮州,30,自強(推拉式自強號且無自行車車廂),17:00:00,17:00:00
129,2022/1/14,142,潮州,七堵,30,自強(推拉式自強號且有自行車車廂),15:27:00,15:35:00
130,2022/1/14,144,屏東,基隆,30,自強(推拉式自強號且無自行車車廂),16:36:00,16:36:00
131,2022/1/14,145,七堵,潮州,30,自強(推拉式自強號且無自行車車廂),17:36:00,17:36:00
132,2022/1/14,146,潮州,七堵,30,自強(推拉式自強號且無自行車車廂),16:41:00,16:48:00
133,2022/1/14,147,七堵,彰化,30,自強(推拉式自強號且無自行車車廂),18:08:00,18:08:00
134,2022/1/14,149,基隆,潮州,30,自強(推拉式自強號且無自行車車廂),18:11:00,18:11:00
135,2022/1/14,150,屏東,七堵,30,自強(推拉式自強號且無自行車車廂),17:45:00,17:45:00
136,2022/1/14,152,屏東,七堵,30,自強(推拉式自強號且無自行車車廂),18:40:00,18:40:00
137,2022/1/14,155,七堵,彰化,30,自強(推拉式自強號且無自行車車廂),20:28:00,20:28:00
138,2022/1/14,156,屏東,嘉義,30,自強(推拉式自強號且有自行車車廂),20:43:00,20:43:00
139,2022/1/14,167,彰化,潮州,30,自強(EMU1200 型電車),08:15:00,08:15:00
140,2022/1/14,168,枋寮,彰化,30,自強(EMU1200 型電車),16:45:00,16:45:00
141,2022/1/14,170,嘉義,花蓮,30,自強(推拉式自強號且有自行車車廂),05:57:00,05:57:00
142,2022/1/14,1701,六家,新竹,5,區間,06:30:00,06:30:00
143,2022/1/14,1702,新竹,六家,5,區間,06:03:00,06:03:00
144,2022/1/14,1703,六家,新竹,5,區間,07:07:00,07:07:00
145,2022/1/14,1704,新竹,六家,5,區間,06:29:00,06:29:00
146,2022/1/14,1705,六家,新竹,5,區間,07:32:00,07:32:00
147,2022/1/14,1706,新竹,六家,5,區間,06:59:00,06:59:00
148,2022/1/14,1707,六家,新竹,5,區間,08:02:00,08:02:00
149,2022/1/14,1708,新竹,六家,5,區間,07:34:00,07:34:00
150,2022/1/14,1711,六家,新竹,5,區間,08:29:00,08:29:00
151,2022/1/14,1712,新竹,六家,5,區間,07:59:00,07:59:00
152,2022/1/14,1713,六家,新竹,5,區間,09:02:00,09:02:00
153,2022/1/14,1714,新竹,六家,5,區間,08:30:00,08:30:00
154,2022/1/14,1715,六家,新竹,5,區間,09:29:00,09:29:00
155,2022/1/14,1716,新竹,六家,5,區間,08:56:00,08:56:00
156,2022/1/14,1717,六家,新竹,5,區間,10:02:00,10:02:00
157,2022/1/14,1718,新竹,六家,5,區間,09:29:00,09:29:00
158,2022/1/14,172,潮州,花蓮,30,自強(推拉式自強號且無自行車車廂),10:26:00,10:34:00
159,2022/1/14,1721,六家,新竹,5,區間,10:29:00,10:29:00
160,2022/1/14,1722,新竹,六家,5,區間,09:56:00,09:56:00
161,2022/1/14,1723,六家,新竹,5,區間,11:02:00,11:02:00
162,2022/1/14,1724,新竹,六家,5,區間,10:29:00,10:29:00
163,2022/1/14,1725,六家,新竹,5,區間,11:29:00,11:29:00
164,2022/1/14,1726,新竹,六家,5,區間,10:56:00,10:56:00
165,2022/1/14,1727,六家,新竹,5,區間,12:02:00,12:02:00
166,2022/1/14,1728,新竹,六家,5,區間,11:29:00,11:29:00
167,2022/1/14,1731,六家,新竹,5,區間,12:29:00,12:29:00
168,2022/1/14,1732,新竹,六家,5,區間,11:56:00,11:56:00
169,2022/1/14,1733,六家,新竹,5,區間,13:02:00,13:02:00
170,2022/1/14,1734,新竹,六家,5,區間,12:29:00,12:29:00
171,2022/1/14,1735,六家,新竹,5,區間,13:29:00,13:29:00
172,2022/1/14,1736,新竹,六家,5,區間,12:56:00,12:56:00
173,2022/1/14,1737,六家,新竹,5,區間,14:02:00,14:02:00
174,2022/1/14,1738,新竹,六家,5,區間,13:29:00,13:29:00
175,2022/1/14,1741,六家,新竹,5,區間,14:29:00,14:29:00
176,2022/1/14,1742,新竹,六家,5,區間,13:56:00,13:56:00
177,2022/1/14,1743,六家,新竹,5,區間,15:02:00,15:02:00
178,2022/1/14,1744,新竹,六家,5,區間,14:29:00,14:29:00
179,2022/1/14,1745,六家,新竹,5,區間,15:29:00,15:29:00
180,2022/1/14,1746,新竹,六家,5,區間,14:56:00,14:56:00
181,2022/1/14,1747,六家,新竹,5,區間,16:02:00,16:02:00
182,2022/1/14,1748,新竹,六家,5,區間,15:29:00,15:29:00
183,2022/1/14,175,花蓮,潮州,30,自強(推拉式自強號且無自行車車廂),12:58:00,12:58:00
184,2022/1/14,1751,六家,新竹,5,區間,16:29:00,16:29:00
185,2022/1/14,1752,新竹,六家,5,區間,15:56:00,15:56:00
186,2022/1/14,1753,六家,新竹,5,區間,17:01:00,17:01:00
187,2022/1/14,1754,新竹,六家,5,區間,16:29:00,16:29:00
188,2022/1/14,1755,六家,新竹,5,區間,17:29:00,17:29:00
189,2022/1/14,1756,新竹,六家,5,區間,16:56:00,16:56:00
190,2022/1/14,1757,六家,新竹,5,區間,18:01:00,18:01:00
191,2022/1/14,1758,新竹,六家,5,區間,17:29:00,17:29:00
192,2022/1/14,176,潮州,瑞芳,30,自強(推拉式自強號且無自行車車廂),12:09:00,12:20:00
193,2022/1/14,1761,六家,新竹,5,區間,18:29:00,18:29:00
194,2022/1/14,1762,新竹,六家,5,區間,17:56:00,17:56:00
195,2022/1/14,1763,六家,新竹,5,區間,19:02:00,19:02:00
196,2022/1/14,1764,新竹,六家,5,區間,18:29:00,18:29:00
197,2022/1/14,1765,六家,新竹,5,區間,19:29:00,19:29:00
198,2022/1/14,1766,新竹,六家,5,區間,18:56:00,18:56:00
199,2022/1/14,1767,六家,新竹,5,區間,20:02:00,20:02:00
200,2022/1/14,1768,新竹,六家,5,區間,19:29:00,19:29:00
201,2022/1/14,177,花蓮,斗南,30,自強(推拉式自強號且有自行車車廂),14:46:00,14:46:00
202,2022/1/14,1771,六家,新竹,5,區間,20:29:00,20:29:00
203,2022/1/14,1772,新竹,六家,5,區間,19:56:00,19:56:00
204,2022/1/14,1773,六家,新竹,5,區間,21:02:00,21:02:00
205,2022/1/14,1774,新竹,六家,5,區間,20:29:00,20:29:00
206,2022/1/14,1775,六家,新竹,5,區間,21:29:00,21:29:00
207,2022/1/14,1776,新竹,六家,5,區間,20:56:00,20:56:00
208,2022/1/14,1777,六家,新竹,5,區間,22:02:00,22:02:00
209,2022/1/14,1778,新竹,六家,5,區間,21:29:00,21:29:00
210,2022/1/14,1781,六家,新竹,5,區間,22:35:00,22:35:00
211,2022/1/14,1782,新竹,六家,5,區間,21:56:00,21:56:00
212,2022/1/14,1783,六家,新竹,5,區間,23:06:00,23:06:00
213,2022/1/14,1784,新竹,六家,5,區間,22:29:00,22:29:00
214,2022/1/14,1785,六家,新竹,5,區間,23:40:00,23:40:00
215,2022/1/14,1786,新竹,六家,5,區間,23:02:00,23:02:00
216,2022/1/14,1801,內灣,新竹,5,區間,05:13:00,05:13:00
217,2022/1/14,1802,新竹,內灣,5,區間,05:02:00,05:02:00
218,2022/1/14,1803,內灣,新竹,5,區間,06:07:00,06:07:00
219,2022/1/14,1804,新竹,內灣,5,區間,06:36:00,06:36:00
220,2022/1/14,1805,內灣,竹中,5,區間,07:47:00,07:47:00
221,2022/1/14,1806,新竹,內灣,5,區間,07:39:00,07:39:00
222,2022/1/14,1807,內灣,竹中,5,區間,08:47:00,08:47:00
223,2022/1/14,1808,竹中,內灣,5,區間,08:47:00,08:47:00
224,2022/1/14,181,花蓮,屏東,30,自強(推拉式自強號且無自行車車廂),16:45:00,16:45:00
225,2022/1/14,1811,內灣,竹中,5,區間,09:47:00,09:47:00
226,2022/1/14,1812,竹中,內灣,5,區間,09:51:00,09:52:00
227,2022/1/14,1813,內灣,竹中,5,區間,10:47:00,10:47:00
228,2022/1/14,1814,竹中,內灣,5,區間,10:51:00,10:52:00
229,2022/1/14,1815,內灣,竹中,5,區間,11:47:00,11:47:00
230,2022/1/14,1816,竹中,內灣,5,區間,11:51:00,11:52:00
231,2022/1/14,1818,竹中,內灣,5,區間,12:51:00,12:52:00
232,2022/1/14,1819,內灣,竹中,5,區間,12:47:00,12:47:00
233,2022/1/14,182,潮州,花蓮,30,自強(推拉式自強號且無自行車車廂),05:06:00,05:14:00
234,2022/1/14,1821,內灣,竹中,5,區間,13:47:00,13:47:00
235,2022/1/14,1822,竹中,內灣,5,區間,13:51:00,13:52:00
236,2022/1/14,1823,內灣,竹中,5,區間,14:47:00,14:47:00
237,2022/1/14,1824,竹中,內灣,5,區間,14:51:00,14:52:00
238,2022/1/14,1825,內灣,竹中,5,區間,15:47:00,15:47:00
239,2022/1/14,1826,竹中,內灣,5,區間,15:51:00,15:52:00
240,2022/1/14,1827,內灣,竹中,5,區間,16:47:00,16:47:00
241,2022/1/14,1828,竹中,內灣,5,區間,16:51:00,16:52:00
242,2022/1/14,1832,竹中,內灣,5,區間,17:51:00,17:52:00
243,2022/1/14,1833,內灣,竹中,5,區間,17:47:00,17:47:00
244,2022/1/14,1835,內灣,竹中,5,區間,18:47:00,18:47:00
245,2022/1/14,1836,竹中,內灣,5,區間,18:51:00,18:52:00
246,2022/1/14,1838,竹中,內灣,5,區間,19:51:00,19:52:00
247,2022/1/14,1839,內灣,新竹,5,區間,19:47:00,19:47:00
248,2022/1/14,1841,內灣,新竹,5,區間,20:47:00,20:47:00
249,2022/1/14,1842,新竹,內灣,5,區間,21:35:00,21:35:00
250,2022/1/14,1843,內灣,新竹,5,區間,22:47:00,22:47:00
251,2022/1/14,1844,新竹,竹東,5,區間,22:35:00,22:35:00
252,2022/1/14,2,臺北,臺北-環島,19,莒光(有身障座位),08:10:00,08:10:00
253,2022/1/14,2003,彰化,嘉義,10,區間快,06:42:00,06:42:00
254,2022/1/14,2004,嘉義,臺中,10,區間快,06:34:00,06:34:00
255,2022/1/14,2008,彰化,基隆,10,區間快,06:00:00,06:00:00
256,2022/1/14,2011,七堵,彰化,10,區間快,04:57:00,04:57:00
257,2022/1/14,2016,彰化,豐原,10,區間快,14:45:00,14:45:00
258,2022/1/14,2017,豐原,員林,10,區間快,15:51:00,15:51:00
259,2022/1/14,202,樹林,花蓮,30,普悠瑪,05:35:00,05:40:00
260,2022/1/14,2021,豐原,彰化,10,區間快,17:18:00,17:18:00
261,2022/1/14,2023,臺中,二水,10,區間快,18:05:00,18:05:00
262,2022/1/14,2027,臺中,嘉義,10,區間快,19:03:00,19:03:00
263,2022/1/14,203,花蓮,樹林,30,普悠瑪,06:01:00,06:01:00
264,2022/1/14,2033,七堵,彰化,10,區間快,16:50:00,16:50:00
265,2022/1/14,204,樹林,花蓮,30,自強(DMU2800 型柴聯),05:54:00,05:59:00
266,2022/1/14,2042,員林,七堵,10,區間快,17:19:00,17:19:00
267,2022/1/14,2046,彰化,七堵,10,區間快,20:19:00,20:19:00
268,2022/1/14,207,壽豐,樹林,30,太魯閣,07:07:00,07:07:00
269,2022/1/14,2101,臺中,田中,5,區間,06:25:00,06:25:00
270,2022/1/14,2103,新竹,嘉義,5,區間,05:08:00,05:08:00
271,2022/1/14,211,花蓮,樹林,30,普悠瑪,08:38:00,08:38:00
272,2022/1/14,2113,北湖,嘉義,5,區間,05:29:00,05:31:00
273,2022/1/14,2114,彰化,基隆,5,區間,05:00:00,05:00:00
274,2022/1/14,2115,豐原,彰化,5,區間,07:19:00,07:19:00
275,2022/1/14,2116,彰化,臺中,5,區間,05:46:00,05:46:00
276,2022/1/14,212,樹林,花蓮,30,自強(推拉式自強號且無自行車車廂),08:29:00,08:39:00
277,2022/1/14,2120,二水,基隆,5,區間,05:19:00,05:19:00
278,2022/1/14,2122,彰化,后里,5,區間,06:05:00,06:05:00
279,2022/1/14,2123,北湖,嘉義,5,區間,06:29:00,06:31:00
280,2022/1/14,2124,嘉義,基隆,5,區間,05:00:00,05:00:00
281,2022/1/14,2128,嘉義,銅鑼,5,區間,05:20:00,05:20:00
282,2022/1/14,2131,豐原,彰化,5,區間,08:44:00,08:44:00
283,2022/1/14,2133,基隆,嘉義,5,區間,05:11:00,05:11:00
284,2022/1/14,2134,嘉義,基隆,5,區間,05:40:00,05:40:00
285,2022/1/14,2138,新營,后里,5,區間,05:33:00,05:33:00
286,2022/1/14,2143,基隆,嘉義,5,區間,06:18:00,06:18:00
287,2022/1/14,2144,嘉義,基隆,5,區間,06:48:00,06:48:00
288,2022/1/14,2146,彰化,臺中,5,區間,08:32:00,08:32:00
289,2022/1/14,2149,臺中,彰化,5,區間,11:10:00,11:10:00
290,2022/1/14,2153,基隆,嘉義,5,區間,07:12:00,07:12:00
291,2022/1/14,2154,嘉義,基隆,5,區間,07:45:00,07:45:00
292,2022/1/14,2163,基隆,嘉義,5,區間,08:19:00,08:19:00
293,2022/1/14,2164,新營,瑞芳,5,區間,08:16:00,08:16:00
294,2022/1/14,2166,彰化,臺中,5,區間,10:23:00,10:23:00
295,2022/1/14,217,花蓮,樹林,30,普悠瑪,11:08:00,11:08:00
296,2022/1/14,2173,基隆,嘉義,5,區間,09:20:00,09:20:00
297,2022/1/14,2174,嘉義,瑞芳,5,區間,09:51:00,09:51:00
298,2022/1/14,218,樹林,花蓮,30,普悠瑪,09:52:00,10:04:00
299,2022/1/14,2183,基隆,嘉義,5,區間,10:20:00,10:20:00
300,2022/1/14,2184,嘉義,基隆,5,區間,10:51:00,10:51:00
301,2022/1/14,219,花蓮,樹林,30,太魯閣,12:00:00,12:00:00
302,2022/1/14,2190,彰化,豐原,5,區間,13:02:00,13:02:00
303,2022/1/14,2191,豐原,彰化,5,區間,15:02:00,15:02:00
304,2022/1/14,2193,基隆,嘉義,5,區間,11:15:00,11:15:00
305,2022/1/14,2194,嘉義,基隆,5,區間,11:51:00,11:51:00
306,2022/1/14,2203,基隆,嘉義,5,區間,12:18:00,12:18:00
307,2022/1/14,2204,嘉義,基隆,5,區間,12:51:00,12:51:00
308,2022/1/14,221,花蓮,樹林,30,自強(DMU2800 型柴聯),12:15:00,12:15:00
309,2022/1/14,2213,基隆,嘉義,5,區間,13:17:00,13:17:00
310,2022/1/14,2214,嘉義,基隆,5,區間,13:37:00,13:37:00
311,2022/1/14,222,樹林,鳳林,30,普悠瑪,11:08:00,11:22:00
312,2022/1/14,2223,基隆,嘉義,5,區間,14:21:00,14:21:00
313,2022/1/14,2224,嘉義,基隆,5,區間,14:28:00,14:28:00
314,2022/1/14,2226,彰化,臺中,5,區間,16:25:00,16:25:00
315,2022/1/14,223,花蓮,樹林,30,普悠瑪,13:59:00,13:59:00
316,2022/1/14,2233,瑞芳,嘉義,5,區間,15:09:00,15:09:00
317,2022/1/14,2234,嘉義,基隆,5,區間,15:32:00,15:32:00
318,2022/1/14,2236,彰化,臺中,5,區間,17:20:00,17:20:00
319,2022/1/14,2237,北湖,新烏日,5,區間,17:39:00,17:46:00
320,2022/1/14,224,樹林,花蓮,30,自強(DMU2900 型柴聯),11:22:00,11:27:00
321,2022/1/14,2243,瑞芳,嘉義,5,區間,16:13:00,16:13:00
322,2022/1/14,2244,嘉義,七堵,5,區間,16:35:00,16:35:00
323,2022/1/14,2246,彰化,臺中,5,區間,18:24:00,18:24:00
324,2022/1/14,225,鳳林,樹林,30,普悠瑪,14:47:00,14:47:00
325,2022/1/14,2253,基隆,嘉義,5,區間,17:07:00,17:07:00
326,2022/1/14,2254,嘉義,基隆,5,區間,17:47:00,17:47:00
327,2022/1/14,2257,后里,嘉義,5,區間,21:10:00,21:10:00
328,2022/1/14,2260,二水,彰化,5,區間,19:24:00,19:24:00
329,2022/1/14,2263,基隆,嘉義,5,區間,18:02:00,18:02:00
330,2022/1/14,2264,嘉義,基隆,5,區間,18:45:00,18:45:00
331,2022/1/14,2267,后里,員林,5,區間,22:13:00,22:13:00
332,2022/1/14,2269,苗栗,二水,5,區間,22:14:00,22:14:00
333,2022/1/14,2270,新烏日,苗栗,5,區間,20:39:00,20:39:00
334,2022/1/14,2273,基隆,彰化,5,區間,19:15:00,19:15:00
335,2022/1/14,2274,嘉義,北湖,5,區間,19:54:00,19:54:00
336,2022/1/14,228,樹林,志學,30,普悠瑪,12:44:00,12:49:00
337,2022/1/14,2284,嘉義,新竹,5,區間,20:50:00,20:50:00
338,2022/1/14,229,志學,樹林,30,普悠瑪,16:12:00,16:12:00
339,2022/1/14,2294,嘉義,彰化,5,區間,22:00:00,22:00:00
340,2022/1/14,230,樹林,花蓮,30,太魯閣,13:21:00,13:26:00
341,2022/1/14,232,樹林,壽豐,30,普悠瑪,14:00:00,14:05:00
342,2022/1/14,235,花蓮,樹林,30,自強(DMU2900 型柴聯),18:00:00,18:00:00
343,2022/1/14,236,樹林,花蓮,30,自強(DMU2800 型柴聯),15:18:00,15:23:00
344,2022/1/14,237,花蓮,樹林,30,普悠瑪,19:24:00,19:24:00
345,2022/1/14,238,樹林,花蓮,30,普悠瑪,15:58:00,16:03:00
346,2022/1/14,241,花蓮,樹林,30,自強(推拉式自強號且無自行車車廂),19:35:00,19:35:00
347,2022/1/14,246,樹林,花蓮,30,自強(DMU2900 型柴聯),18:11:00,18:18:00
348,2022/1/14,247,花蓮,樹林,30,普悠瑪,20:30:00,20:30:00
349,2022/1/14,248,樹林,花蓮,30,太魯閣,19:01:00,19:01:00
350,2022/1/14,249,花蓮,樹林,30,自強(推拉式自強號且無自行車車廂),21:04:00,21:04:00
351,2022/1/14,2501,大甲,彰化,5,區間,05:01:00,05:01:00
352,2022/1/14,2502,大甲,新竹,5,區間,05:00:00,05:00:00
353,2022/1/14,2503,新竹,彰化,5,區間,04:55:00,04:55:00
354,2022/1/14,2504,彰化,北湖,5,區間,05:04:00,05:04:00
355,2022/1/14,2507,新竹,彰化,5,區間,05:31:00,05:31:00
356,2022/1/14,2511,新竹,彰化,5,區間,06:34:00,06:34:00
357,2022/1/14,2512,彰化,新竹,5,區間,06:11:00,06:11:00
358,2022/1/14,2513,新竹,彰化,5,區間,08:28:00,08:28:00
359,2022/1/14,2514,彰化,新竹,5,區間,07:17:00,07:17:00
360,2022/1/14,2517,北湖,彰化,5,區間,08:45:00,08:48:00
361,2022/1/14,2518,田中,新竹,5,區間,07:32:00,07:32:00
362,2022/1/14,252,樹林,壽豐,30,普悠瑪,20:17:00,20:22:00
363,2022/1/14,2521,新竹,彰化,5,區間,10:04:00,10:04:00
364,2022/1/14,2522,彰化,北湖,5,區間,09:26:00,09:26:00
365,2022/1/14,2523,新竹,彰化,5,區間,11:17:00,11:17:00
366,2022/1/14,2524,彰化,竹南,5,區間,10:11:00,10:11:00
367,2022/1/14,2527,竹南,彰化,5,區間,12:36:00,12:36:00
368,2022/1/14,2528,彰化,竹南,5,區間,10:59:00,10:59:00
369,2022/1/14,2531,竹南,彰化,5,區間,13:30:00,13:30:00
370,2022/1/14,2532,彰化,竹南,5,區間,11:58:00,11:58:00
371,2022/1/14,2533,竹南,彰化,5,區間,14:30:00,14:30:00
372,2022/1/14,2534,彰化,新竹,5,區間,12:58:00,12:58:00
373,2022/1/14,2537,北湖,彰化,5,區間,15:00:00,15:04:00
374,2022/1/14,2538,彰化,北湖,5,區間,13:58:00,13:58:00
375,2022/1/14,2541,新竹,彰化,5,區間,16:20:00,16:20:00
376,2022/1/14,2542,彰化,新竹,5,區間,15:16:00,15:16:00
377,2022/1/14,2543,北湖,彰化,5,區間,16:52:00,16:59:00
378,2022/1/14,2544,彰化,新竹,5,區間,16:16:00,16:16:00
379,2022/1/14,2547,新竹,彰化,5,區間,18:22:00,18:22:00
380,2022/1/14,2548,彰化,新竹,5,區間,16:56:00,16:56:00
381,2022/1/14,2551,新竹,彰化,5,區間,19:30:00,19:30:00
382,2022/1/14,2552,彰化,新竹,5,區間,17:51:00,17:51:00
383,2022/1/14,2553,新竹,彰化,5,區間,20:15:00,20:15:00
384,2022/1/14,2554,彰化,竹北,5,區間,18:56:00,18:56:00
385,2022/1/14,2557,新竹,大甲,5,區間,21:15:00,21:15:00
386,2022/1/14,2558,彰化,新竹,5,區間,20:34:00,20:34:00
387,2022/1/14,2559,大甲,彰化,5,區間,22:45:00,22:45:00
388,2022/1/14,256,樹林,花蓮,30,普悠瑪,21:33:00,21:38:00
389,2022/1/14,2561,竹北,彰化,5,區間,21:55:00,21:55:00
390,2022/1/14,2562,彰化,新竹,5,區間,21:52:00,21:52:00
391,2022/1/14,2564,彰化,大甲,5,區間,22:52:00,22:52:00
392,2022/1/14,2601,大甲,豐原,5,區間,05:40:00,05:40:00
393,2022/1/14,2602,豐原,竹南,5,區間,05:47:00,05:47:00
394,2022/1/14,2603,大甲,豐原,5,區間,06:20:00,06:20:00
395,2022/1/14,2604,豐原,通霄,5,區間,08:21:00,08:21:00
396,2022/1/14,2606,臺中,通霄,5,區間,09:44:00,09:44:00
397,2022/1/14,2607,通霄,豐原,5,區間,06:35:00,06:35:00
398,2022/1/14,2608,豐原,通霄,5,區間,10:55:00,10:55:00
399,2022/1/14,261,蘇澳,樹林,30,自強(DMU2800 型柴聯),06:10:00,06:10:00
400,2022/1/14,2610,豐原,大甲,5,區間,12:36:00,12:36:00
401,2022/1/14,2611,竹南,豐原,5,區間,08:31:00,08:31:00
402,2022/1/14,2612,豐原,大甲,5,區間,13:32:00,13:32:00
403,2022/1/14,2613,通霄,豐原,5,區間,10:39:00,10:39:00
404,2022/1/14,2614,豐原,通霄,5,區間,14:08:00,14:08:00
405,2022/1/14,2615,通霄,豐原,5,區間,11:24:00,11:24:00
406,2022/1/14,2617,通霄,豐原,5,區間,13:04:00,13:04:00
407,2022/1/14,2618,臺中,大甲,5,區間,17:06:00,17:06:00
408,2022/1/14,2619,大甲,苗栗,5,區間,14:38:00,14:38:00
409,2022/1/14,262,樹林,蘇澳,30,自強(DMU2800 型柴聯),19:45:00,19:50:00
410,2022/1/14,2621,大甲,豐原,5,區間,15:34:00,15:34:00
411,2022/1/14,2622,苗栗,通霄,5,區間,16:57:00,16:57:00
412,2022/1/14,2623,通霄,豐原,5,區間,16:12:00,16:12:00
413,2022/1/14,2624,豐原,通霄,5,區間,18:32:00,18:32:00
414,2022/1/14,2627,大甲,豐原,5,區間,18:23:00,18:23:00
415,2022/1/14,2628,豐原,通霄,5,區間,20:15:00,20:15:00
416,2022/1/14,2631,通霄,臺中,5,區間,19:46:00,19:46:00
417,2022/1/14,2632,臺中,大甲,5,區間,21:31:00,21:31:00
418,2022/1/14,2633,通霄,豐原,5,區間,20:48:00,20:48:00
419,2022/1/14,2634,豐原,沙鹿,5,區間,22:07:00,22:07:00
420,2022/1/14,2702,水里,彰化,10,區間快,05:45:00,05:45:00
421,2022/1/14,2703,彰化,車埕,10,區間快,05:20:00,05:20:00
422,2022/1/14,2704,車埕,二水,5,區間,07:00:00,07:00:00
423,2022/1/14,2705,二水,車埕,5,區間,08:00:00,08:00:00
424,2022/1/14,2706,車埕,二水,5,區間,09:00:00,09:00:00
425,2022/1/14,2707,彰化,車埕,10,區間快,08:46:00,08:46:00
426,2022/1/14,2708,車埕,二水,5,區間,10:20:00,10:20:00
427,2022/1/14,271,花蓮,彰化,30,普悠瑪,10:26:00,10:26:00
428,2022/1/14,2711,田中,車埕,5,區間,10:30:00,10:30:00
429,2022/1/14,2712,車埕,二水,5,區間,11:40:00,11:40:00
430,2022/1/14,2713,田中,車埕,5,區間,11:44:00,11:44:00
431,2022/1/14,2714,車埕,二水,5,區間,13:00:00,13:00:00
432,2022/1/14,2715,二水,車埕,5,區間,13:20:00,13:20:00
433,2022/1/14,2716,車埕,田中,5,區間,14:20:00,14:20:00
434,2022/1/14,2717,二水,車埕,5,區間,14:40:00,14:40:00
435,2022/1/14,2718,車埕,田中,5,區間,15:40:00,15:40:00
436,2022/1/14,272,苗栗,花蓮,30,自強(推拉式自強號且無自行車車廂),05:27:00,05:27:00
437,2022/1/14,2721,二水,車埕,5,區間,16:00:00,16:00:00
438,2022/1/14,2722,車埕,田中,5,區間,17:10:00,17:10:00
439,2022/1/14,2723,二水,車埕,5,區間,17:30:00,17:30:00
440,2022/1/14,2724,車埕,二水,5,區間,18:35:00,18:35:00
441,2022/1/14,2725,二水,車埕,5,區間,18:55:00,18:55:00
442,2022/1/14,2726,車埕,二水,5,區間,20:00:00,20:00:00
443,2022/1/14,2727,二水,車埕,5,區間,20:20:00,20:20:00
444,2022/1/14,2728,車埕,彰化,10,區間快,21:20:00,21:20:00
445,2022/1/14,273,花蓮,彰化,30,普悠瑪,13:26:00,13:26:00
446,2022/1/14,2731,二水,車埕,5,區間,21:40:00,21:40:00
447,2022/1/14,2732,車埕,二水,5,區間,22:40:00,22:40:00
448,2022/1/14,278,員林,花蓮,30,太魯閣,06:37:00,06:37:00
449,2022/1/14,280,斗六,花蓮,30,普悠瑪,07:04:00,07:04:00
450,2022/1/14,282,彰化,花蓮,30,普悠瑪,15:43:00,15:43:00
451,2022/1/14,283,壽豐,斗六,30,普悠瑪,17:25:00,17:25:00
452,2022/1/14,285,花蓮,員林,30,太魯閣,18:18:00,18:18:00
453,2022/1/14,288,彰化,花蓮,30,普悠瑪,19:10:00,19:10:00
454,2022/1/14,301,臺南,花蓮,30,自強(推拉式自強號且無自行車車廂),06:26:00,06:26:00
455,2022/1/14,302,臺東,新左營,30,自強(推拉式自強號且無自行車車廂),05:38:00,05:38:00
456,2022/1/14,3029,大林,枋寮,10,區間快,17:03:00,17:03:00
457,2022/1/14,303,新左營,花蓮,30,普悠瑪,08:22:00,08:22:00
458,2022/1/14,3031,新左營,潮州,10,區間快,19:39:00,19:39:00
459,2022/1/14,3033,新左營,潮州,10,區間快,21:12:00,21:12:00
460,2022/1/14,3037,新左營,潮州,10,區間快,22:58:00,22:58:00
461,2022/1/14,305,新左營,臺東,30,自強(推拉式自強號且無自行車車廂),08:31:00,08:31:00
462,2022/1/14,3051,新左營,枋寮,10,區間快,06:50:00,06:50:00
463,2022/1/14,3052,枋寮,新左營,10,區間快,05:15:00,05:15:00
464,2022/1/14,3053,新左營,枋寮,10,區間快,07:49:00,07:49:00
465,2022/1/14,3054,枋寮,新左營,10,區間快,06:25:00,06:25:00
466,2022/1/14,3057,新左營,枋寮,10,區間快,10:08:00,10:08:00
467,2022/1/14,3058,枋寮,新左營,10,區間快,07:35:00,07:35:00
468,2022/1/14,306,花蓮,新左營,30,自強(DMU3100 型柴聯),06:07:00,06:07:00
469,2022/1/14,3061,新左營,枋寮,10,區間快,11:45:00,11:45:00
470,2022/1/14,3062,枋寮,新左營,10,區間快,08:30:00,08:30:00
471,2022/1/14,3063,新左營,枋寮,10,區間快,12:59:00,12:59:00
472,2022/1/14,3064,枋寮,新左營,10,區間快,09:39:00,09:39:00
473,2022/1/14,3067,新左營,枋寮,10,區間快,14:16:00,14:16:00
474,2022/1/14,307,新左營,花蓮,30,自強(DMU2900 型柴聯),10:24:00,10:24:00
475,2022/1/14,3071,新左營,枋寮,10,區間快,15:04:00,15:04:00
476,2022/1/14,3072,枋寮,新左營,10,區間快,12:13:00,12:13:00
477,2022/1/14,3073,新左營,枋寮,10,區間快,16:17:00,16:17:00
478,2022/1/14,3074,枋寮,新左營,10,區間快,13:46:00,13:46:00
479,2022/1/14,3078,枋寮,新左營,10,區間快,16:00:00,16:00:00
480,2022/1/14,308,花蓮,新左營,30,自強(DMU2900 型柴聯),09:46:00,09:46:00
481,2022/1/14,3081,新左營,枋寮,10,區間快,20:12:00,20:12:00
482,2022/1/14,3082,枋寮,新左營,10,區間快,18:04:00,18:04:00
483,2022/1/14,3084,枋寮,新左營,10,區間快,19:02:00,19:02:00
484,2022/1/14,3087,新左營,枋寮,10,區間快,22:12:00,22:12:00
485,2022/1/14,3088,枋寮,新左營,10,區間快,21:08:00,21:08:00
486,2022/1/14,311,新左營,臺東,30,自強(DMU3100 型柴聯),12:24:00,12:24:00
487,2022/1/14,3111,臺南,潮州,5,區間,05:24:00,05:24:00
488,2022/1/14,3116,臺南,嘉義,5,區間,05:37:00,05:37:00
489,2022/1/14,3117,新營,潮州,5,區間,05:03:00,05:03:00
490,2022/1/14,3118,高雄,后里,5,區間,05:05:00,05:05:00
491,2022/1/14,3121,嘉義,潮州,5,區間,05:06:00,05:06:00
492,2022/1/14,3122,屏東,嘉義,5,區間,05:00:00,05:00:00
493,2022/1/14,3127,嘉義,潮州,5,區間,05:36:00,05:36:00
494,2022/1/14,3128,潮州,后里,5,區間,04:51:00,04:56:00
495,2022/1/14,3131,二水,潮州,5,區間,05:11:00,05:11:00
496,2022/1/14,3132,潮州,嘉義,5,區間,05:22:00,05:28:00
497,2022/1/14,3137,彰化,潮州,5,區間,05:01:00,05:01:00
498,2022/1/14,3138,潮州,后里,5,區間,05:43:00,05:51:00
499,2022/1/14,3140,潮州,新左營,5,區間,06:14:00,06:20:00
500,2022/1/14,3141,民雄,潮州,5,區間,07:00:00,07:00:00
501,2022/1/14,3142,潮州,嘉義,5,區間,06:34:00,06:40:00
502,2022/1/14,3143,彰化,新營,5,區間,05:45:00,05:45:00
503,2022/1/14,3145,新左營,屏東,5,區間,09:31:00,09:31:00
504,2022/1/14,3146,潮州,后里,5,區間,06:40:00,06:48:00
505,2022/1/14,3147,后里,潮州,5,區間,05:30:00,05:30:00
506,2022/1/14,3151,嘉義,潮州,5,區間,08:21:00,08:21:00
507,2022/1/14,3152,潮州,嘉義,5,區間,07:30:00,07:36:00
508,2022/1/14,3157,新竹,潮州,5,區間,05:26:00,05:26:00
509,2022/1/14,3158,潮州,后里,5,區間,07:52:00,07:58:00
510,2022/1/14,3161,嘉義,潮州,5,區間,09:27:00,09:27:00
511,2022/1/14,3162,潮州,嘉義,5,區間,08:26:00,08:33:00
512,2022/1/14,3165,嘉義,臺南,5,區間,20:53:00,20:53:00
513,2022/1/14,3166,嘉義,彰化,5,區間,20:42:00,20:42:00
514,2022/1/14,3167,后里,潮州,5,區間,07:28:00,07:28:00
515,2022/1/14,3168,潮州,后里,5,區間,09:05:00,09:05:00
516,2022/1/14,317,新左營,花蓮,30,自強(DMU2900 型柴聯),16:05:00,16:05:00
517,2022/1/14,3171,嘉義,潮州,5,區間,10:20:00,10:20:00
518,2022/1/14,3172,潮州,嘉義,5,區間,09:26:00,09:36:00
519,2022/1/14,3177,銅鑼,潮州,5,區間,08:10:00,08:10:00
520,2022/1/14,3178,潮州,后里,5,區間,10:01:00,10:01:00
521,2022/1/14,318,臺東,新左營,30,自強(DMU3100 型柴聯),15:15:00,15:15:00
522,2022/1/14,3181,嘉義,潮州,5,區間,11:29:00,11:29:00
523,2022/1/14,3182,屏東,嘉義,5,區間,10:51:00,10:51:00
524,2022/1/14,3187,后里,潮州,5,區間,09:19:00,09:19:00
525,2022/1/14,3188,潮州,后里,5,區間,10:40:00,10:47:00
526,2022/1/14,3191,嘉義,潮州,5,區間,12:12:00,12:12:00
527,2022/1/14,3192,潮州,斗六,5,區間,11:28:00,11:34:00
528,2022/1/14,3197,后里,潮州,5,區間,10:27:00,10:27:00
529,2022/1/14,3198,潮州,后里,5,區間,11:48:00,11:58:00
530,2022/1/14,32,樹林,花蓮,30,自強(DMU2800 型柴聯),06:37:00,06:42:00
531,2022/1/14,3201,嘉義,潮州,5,區間,13:17:00,13:17:00
532,2022/1/14,3202,潮州,嘉義,5,區間,12:32:00,12:32:00
533,2022/1/14,3207,后里,屏東,5,區間,11:19:00,11:19:00
534,2022/1/14,3208,潮州,后里,5,區間,13:02:00,13:08:00
535,2022/1/14,3211,嘉義,潮州,5,區間,14:21:00,14:21:00
536,2022/1/14,3212,潮州,嘉義,5,區間,13:23:00,13:29:00
537,2022/1/14,3217,后里,潮州,5,區間,12:18:00,12:18:00
538,2022/1/14,3218,潮州,后里,5,區間,13:58:00,14:04:00
539,2022/1/14,3221,嘉義,潮州,5,區間,15:18:00,15:18:00
540,2022/1/14,3222,潮州,嘉義,5,區間,14:08:00,14:14:00
541,2022/1/14,3227,后里,潮州,5,區間,13:18:00,13:18:00
542,2022/1/14,3228,潮州,后里,5,區間,14:45:00,14:51:00
543,2022/1/14,3229,新左營,屏東,5,區間,18:09:00,18:09:00
544,2022/1/14,323,新左營,花蓮,30,自強(DMU3100 型柴聯),18:19:00,18:19:00
545,2022/1/14,3231,斗六,潮州,5,區間,15:39:00,15:39:00
546,2022/1/14,3232,潮州,民雄,5,區間,15:05:00,15:16:00
547,2022/1/14,3237,后里,潮州,5,區間,14:27:00,14:27:00
548,2022/1/14,3238,潮州,后里,5,區間,15:53:00,15:53:00
549,2022/1/14,324,花蓮,臺南,30,自強(推拉式自強號且無自行車車廂),15:58:00,15:58:00
550,2022/1/14,3241,嘉義,潮州,5,區間,17:10:00,17:10:00
551,2022/1/14,3242,潮州,民雄,5,區間,16:14:00,16:20:00
552,2022/1/14,3247,后里,潮州,5,區間,15:20:00,15:20:00
553,2022/1/14,3248,屏東,新竹,5,區間,17:05:00,17:05:00
554,2022/1/14,3250,潮州,新左營,5,區間,16:50:00,17:03:00
555,2022/1/14,3251,嘉義,潮州,5,區間,18:16:00,18:16:00
556,2022/1/14,3252,潮州,嘉義,5,區間,17:38:00,17:38:00
557,2022/1/14,3257,后里,潮州,5,區間,16:25:00,16:25:00
558,2022/1/14,3258,潮州,二水,5,區間,18:06:00,18:06:00
559,2022/1/14,326,花蓮,新左營,30,普悠瑪,16:26:00,16:26:00
560,2022/1/14,3261,民雄,潮州,5,區間,19:01:00,19:01:00
561,2022/1/14,3262,潮州,后里,5,區間,18:41:00,18:41:00
562,2022/1/14,3266,屏東,善化,5,區間,19:17:00,19:17:00
563,2022/1/14,3267,后里,潮州,5,區間,17:15:00,17:15:00
564,2022/1/14,3268,潮州,彰化,5,區間,19:14:00,19:14:00
565,2022/1/14,327,新左營,臺東,30,普悠瑪,21:30:00,21:30:00
566,2022/1/14,3271,民雄,潮州,5,區間,20:30:00,20:30:00
567,2022/1/14,3272,潮州,彰化,5,區間,19:53:00,19:53:00
568,2022/1/14,3277,后里,潮州,5,區間,17:46:00,17:46:00
569,2022/1/14,3278,潮州,嘉義,5,區間,20:17:00,20:27:00
570,2022/1/14,328,臺東,新左營,30,自強(DMU2900 型柴聯),19:18:00,19:18:00
571,2022/1/14,3281,善化,潮州,5,區間,22:01:00,22:01:00
572,2022/1/14,3282,潮州,新營,5,區間,20:56:00,20:56:00
573,2022/1/14,3287,后里,屏東,5,區間,19:14:00,19:14:00
574,2022/1/14,3288,潮州,永康,5,區間,21:15:00,21:25:00
575,2022/1/14,3291,嘉義,臺南,5,區間,22:15:00,22:15:00
576,2022/1/14,3292,潮州,臺南,5,區間,21:35:00,21:46:00
577,2022/1/14,3294,潮州,臺南,5,區間,22:01:00,22:07:00
578,2022/1/14,3297,后里,臺南,5,區間,20:22:00,20:22:00
579,2022/1/14,3301,潮州,枋寮,5,區間,05:18:00,05:30:00
580,2022/1/14,3303,潮州,枋寮,5,區間,05:59:00,06:09:00
581,2022/1/14,3305,新左營,枋寮,5,區間,05:35:00,05:35:00
582,2022/1/14,3310,枋寮,新左營,5,區間,07:09:00,07:09:00
583,2022/1/14,3311,新左營,枋寮,5,區間,08:57:00,08:57:00
584,2022/1/14,332,花蓮,新左營,30,自強(DMU2900 型柴聯),17:54:00,17:54:00
585,2022/1/14,3320,枋寮,新左營,5,區間,11:07:00,11:07:00
586,2022/1/14,3328,枋寮,新左營,5,區間,14:50:00,14:50:00
587,2022/1/14,333,新左營,臺東,30,自強(DMU2900 型柴聯),05:00:00,05:00:00
588,2022/1/14,3331,新左營,枋寮,5,區間,17:06:00,17:06:00
589,2022/1/14,3334,枋寮,新左營,5,區間,17:23:00,17:23:00
590,2022/1/14,3348,枋寮,新左營,5,區間,22:20:00,22:20:00
591,2022/1/14,3501,枋寮,臺東,5,區間,06:18:00,06:18:00
592,2022/1/14,3513,枋寮,臺東,5,區間,12:54:00,12:54:00
593,2022/1/14,3514,臺東,枋寮,5,區間,06:00:00,06:00:00
594,2022/1/14,3522,臺東,枋寮,5,區間,16:18:00,16:18:00
595,2022/1/14,3701,臺南,沙崙,5,區間,05:30:00,05:30:00
596,2022/1/14,3702,沙崙,臺南,5,區間,06:27:00,06:27:00
597,2022/1/14,3703,臺南,沙崙,5,區間,05:56:00,05:56:00
598,2022/1/14,3704,沙崙,善化,5,區間,07:15:00,07:15:00
599,2022/1/14,3705,嘉義,沙崙,5,區間,05:18:00,05:18:00
600,2022/1/14,3706,沙崙,臺南,5,區間,07:23:00,07:23:00
601,2022/1/14,3707,臺南,沙崙,5,區間,06:58:00,06:58:00
602,2022/1/14,3708,沙崙,永康,5,區間,08:15:00,08:15:00
603,2022/1/14,3709,嘉義,沙崙,5,區間,06:33:00,06:33:00
604,2022/1/14,371,臺中,臺東,30,自強(DMU3100 型柴聯),06:43:00,06:43:00
605,2022/1/14,3711,臺南,沙崙,5,區間,08:08:00,08:08:00
606,2022/1/14,3712,沙崙,善化,5,區間,08:35:00,08:35:00
607,2022/1/14,3713,善化,沙崙,5,區間,08:14:00,08:14:00
608,2022/1/14,3714,沙崙,臺南,5,區間,08:52:00,08:52:00
609,2022/1/14,3715,永康,沙崙,5,區間,09:00:00,09:00:00
610,2022/1/14,3716,沙崙,臺南,5,區間,09:28:00,09:28:00
611,2022/1/14,3717,臺南,沙崙,5,區間,09:38:00,09:38:00
612,2022/1/14,3718,沙崙,善化,5,區間,09:50:00,09:50:00
613,2022/1/14,372,臺東,彰化,30,自強(DMU2900 型柴聯),10:27:00,10:27:00
614,2022/1/14,3721,善化,沙崙,5,區間,09:33:00,09:33:00
615,2022/1/14,3722,沙崙,臺南,5,區間,10:28:00,10:28:00
616,2022/1/14,3723,臺南,沙崙,5,區間,10:34:00,10:34:00
617,2022/1/14,3724,沙崙,永康,5,區間,10:50:00,10:50:00
618,2022/1/14,3725,臺南,沙崙,5,區間,11:02:00,11:02:00
619,2022/1/14,3726,沙崙,善化,5,區間,11:30:00,11:30:00
620,2022/1/14,3727,善化,沙崙,5,區間,11:15:00,11:15:00
621,2022/1/14,3728,沙崙,臺南,5,區間,11:50:00,11:50:00
622,2022/1/14,373,彰化,臺東,30,自強(DMU2900 型柴聯),17:05:00,17:05:00
623,2022/1/14,3731,永康,沙崙,5,區間,11:54:00,11:54:00
624,2022/1/14,3732,沙崙,臺南,5,區間,12:30:00,12:30:00
625,2022/1/14,3733,臺南,沙崙,5,區間,12:25:00,12:25:00
626,2022/1/14,3734,沙崙,善化,5,區間,12:50:00,12:50:00
627,2022/1/14,3735,善化,沙崙,5,區間,12:32:00,12:32:00
628,2022/1/14,3736,沙崙,臺南,5,區間,13:30:00,13:30:00
629,2022/1/14,3737,臺南,沙崙,5,區間,13:35:00,13:35:00
630,2022/1/14,3738,沙崙,永康,5,區間,13:47:00,13:47:00
631,2022/1/14,374,臺東,臺中,30,自強(DMU3100 型柴聯),16:55:00,16:55:00
632,2022/1/14,3741,臺南,沙崙,5,區間,14:05:00,14:05:00
633,2022/1/14,3742,沙崙,善化,5,區間,14:23:00,14:23:00
634,2022/1/14,3743,善化,沙崙,5,區間,14:13:00,14:13:00
635,2022/1/14,3744,沙崙,臺南,5,區間,14:45:00,14:45:00
636,2022/1/14,3745,永康,沙崙,5,區間,14:57:00,14:57:00
637,2022/1/14,3746,沙崙,永康,5,區間,15:23:00,15:23:00
638,2022/1/14,3747,臺南,沙崙,5,區間,15:30:00,15:30:00
639,2022/1/14,3748,沙崙,善化,5,區間,15:45:00,15:45:00
640,2022/1/14,3751,善化,沙崙,5,區間,15:39:00,15:39:00
641,2022/1/14,3752,沙崙,永康,5,區間,16:20:00,16:20:00
642,2022/1/14,3753,永康,沙崙,5,區間,16:14:00,16:14:00
643,2022/1/14,3754,沙崙,善化,5,區間,16:43:00,16:43:00
644,2022/1/14,3755,永康,沙崙,5,區間,16:59:00,16:59:00
645,2022/1/14,3756,沙崙,臺南,5,區間,17:20:00,17:20:00
646,2022/1/14,3757,善化,沙崙,5,區間,17:07:00,17:07:00
647,2022/1/14,3758,沙崙,永康,5,區間,17:45:00,17:45:00
648,2022/1/14,3761,臺南,沙崙,5,區間,17:59:00,17:59:00
649,2022/1/14,3762,沙崙,善化,5,區間,18:24:00,18:24:00
650,2022/1/14,3763,善化,沙崙,5,區間,18:16:00,18:16:00
651,2022/1/14,3764,沙崙,臺南,5,區間,18:52:00,18:52:00
652,2022/1/14,3765,永康,沙崙,5,區間,19:01:00,19:01:00
653,2022/1/14,3766,沙崙,臺南,5,區間,19:28:00,19:28:00
654,2022/1/14,3767,臺南,沙崙,5,區間,19:38:00,19:38:00
655,2022/1/14,3768,沙崙,善化,5,區間,19:56:00,19:56:00
656,2022/1/14,3771,善化,沙崙,5,區間,19:44:00,19:44:00
657,2022/1/14,3772,沙崙,臺南,5,區間,20:32:00,20:32:00
658,2022/1/14,3773,臺南,沙崙,5,區間,20:25:00,20:25:00
659,2022/1/14,3774,沙崙,臺南,5,區間,20:56:00,20:56:00
660,2022/1/14,3775,臺南,沙崙,5,區間,21:03:00,21:03:00
661,2022/1/14,3776,沙崙,嘉義,5,區間,21:28:00,21:28:00
662,2022/1/14,3777,善化,沙崙,5,區間,21:00:00,21:00:00
663,2022/1/14,3778,沙崙,臺南,5,區間,21:47:00,21:47:00
664,2022/1/14,3781,臺南,沙崙,5,區間,21:42:00,21:42:00
665,2022/1/14,3782,沙崙,嘉義,5,區間,22:25:00,22:25:00
666,2022/1/14,3783,臺南,沙崙,5,區間,22:30:00,22:30:00
667,2022/1/14,3784,沙崙,臺南,5,區間,22:45:00,22:45:00
668,2022/1/14,3786,沙崙,臺南,5,區間,23:36:00,23:36:00
669,2022/1/14,4003,蘇澳,樹林,10,區間快,05:37:00,05:37:00
670,2022/1/14,401,臺東,樹林,30,普悠瑪,05:00:00,05:00:00
671,2022/1/14,4017,瑞芳,樹林,10,區間快,10:02:00,10:02:00
672,2022/1/14,402,樹林,知本,30,太魯閣,05:47:00,05:55:00
673,2022/1/14,4021,蘇澳新,樹林,10,區間快,10:52:00,10:52:00
674,2022/1/14,4022,鶯歌,蘇澳新,10,區間快,08:08:00,08:08:00
675,2022/1/14,4025,雙溪,樹林,10,區間快,13:30:00,13:30:00
676,2022/1/14,4027,蘇澳新,湖口,10,區間快,16:20:00,16:20:00
677,2022/1/14,4028,樹林,雙溪,10,區間快,11:46:00,11:51:00
678,2022/1/14,4030,樹林,蘇澳新,10,區間快,13:45:00,13:50:00
679,2022/1/14,4031,花蓮,羅東,10,區間快,14:23:00,14:23:00
680,2022/1/14,4032,宜蘭,花蓮,10,區間快,14:36:00,14:36:00
681,2022/1/14,4033,花蓮,宜蘭,10,區間快,16:22:00,16:22:00
682,2022/1/14,4036,羅東,花蓮,10,區間快,16:21:00,16:21:00
683,2022/1/14,4042,宜蘭,花蓮,10,區間快,19:13:00,19:13:00
684,2022/1/14,4043,花蓮,蘇澳新,10,區間快,22:47:00,22:47:00
685,2022/1/14,4046,湖口,花蓮,10,區間快,18:00:00,18:00:00
686,2022/1/14,405,臺東,樹林,30,普悠瑪,06:15:00,06:15:00
687,2022/1/14,406,樹林,臺東,30,普悠瑪,06:14:00,06:20:00
688,2022/1/14,407,臺東,樹林,30,自強(DMU2900 型柴聯),06:30:00,06:30:00
689,2022/1/14,408,樹林,臺東,30,普悠瑪,07:11:00,07:16:00
690,2022/1/14,4088,七堵,花蓮,10,區間快,14:58:00,14:58:00
691,2022/1/14,4089,花蓮,宜蘭,10,區間快,10:48:00,10:48:00
692,2022/1/14,410,樹林,臺東,30,自強(推拉式自強號且無自行車車廂),07:33:00,07:33:00
693,2022/1/14,4102,宜蘭,花蓮,5,區間,05:27:00,05:27:00
694,2022/1/14,4103,宜蘭,北湖,5,區間,04:45:00,04:45:00
695,2022/1/14,4104,宜蘭,蘇澳,5,區間,06:04:00,06:04:00
696,2022/1/14,4107,羅東,樹林,5,區間,05:04:00,05:04:00
697,2022/1/14,411,臺東,樹林,30,太魯閣,07:52:00,07:52:00
698,2022/1/14,4111,南澳,樹林,5,區間,05:07:00,05:07:00
699,2022/1/14,4112,七堵,蘇澳,5,區間,05:02:00,05:02:00
700,2022/1/14,4113,蘇澳,樹林,5,區間,05:52:00,05:52:00
701,2022/1/14,4114,宜蘭,花蓮,5,區間,06:45:00,06:45:00
702,2022/1/14,4117,花蓮,頭城,5,區間,05:09:00,05:09:00
703,2022/1/14,4118,七堵,蘇澳,5,區間,05:30:00,05:30:00
704,2022/1/14,4119,瑞芳,樹林,5,區間,08:17:00,08:17:00
705,2022/1/14,412,樹林,臺東,30,普悠瑪,08:23:00,08:28:00
706,2022/1/14,4122,和平,花蓮,5,區間,08:12:00,08:12:00
707,2022/1/14,4123,蘇澳,樹林,5,區間,06:48:00,06:48:00
708,2022/1/14,4124,頭城,花蓮,5,區間,07:15:00,07:15:00
709,2022/1/14,4128,樹林,蘇澳,5,區間,05:00:00,05:05:00
710,2022/1/14,4131,蘇澳,樹林,5,區間,07:37:00,07:37:00
711,2022/1/14,4133,花蓮,宜蘭,5,區間,07:32:00,07:32:00
712,2022/1/14,4135,福隆,樹林,5,區間,09:44:00,09:44:00
713,2022/1/14,4137,蘇澳,樹林,5,區間,08:45:00,08:45:00
714,2022/1/14,4138,中壢,蘇澳,5,區間,05:18:00,05:18:00
715,2022/1/14,4144,樹林,瑞芳,5,區間,06:23:00,06:28:00
716,2022/1/14,4146,宜蘭,花蓮,5,區間,09:49:00,09:49:00
717,2022/1/14,4148,苗栗,蘇澳,5,區間,05:10:00,05:10:00
718,2022/1/14,4151,蘇澳,樹林,5,區間,10:26:00,10:26:00
719,2022/1/14,4152,北湖,福隆,5,區間,06:21:00,06:33:00
720,2022/1/14,4154,北湖,蘇澳,5,區間,06:44:00,06:56:00
721,2022/1/14,4161,花蓮,宜蘭,5,區間,09:33:00,09:33:00
722,2022/1/14,4162,樹林,蘇澳,5,區間,08:57:00,09:04:00
723,2022/1/14,417,知本,樹林,30,太魯閣,10:48:00,10:48:00
724,2022/1/14,4171,蘇澳,樹林,5,區間,11:26:00,11:26:00
725,2022/1/14,4172,樹林,蘇澳,5,區間,10:04:00,10:09:00
726,2022/1/14,4173,蘇澳,樹林,5,區間,12:21:00,12:21:00
727,2022/1/14,4177,花蓮,樹林,5,區間,11:24:00,11:24:00
728,2022/1/14,4178,樹林,蘇澳,5,區間,10:52:00,10:57:00
729,2022/1/14,418,樹林,知本,30,自強(推拉式自強號且無自行車車廂),09:07:00,09:09:00
730,2022/1/14,4182,樹林,蘇澳,5,區間,12:01:00,12:13:00
731,2022/1/14,4183,蘇澳,湖口,5,區間,13:36:00,13:36:00
732,2022/1/14,4184,宜蘭,花蓮,5,區間,15:24:00,15:24:00
733,2022/1/14,4187,花蓮,宜蘭,5,區間,13:10:00,13:10:00
734,2022/1/14,4188,樹林,蘇澳,5,區間,12:53:00,13:03:00
735,2022/1/14,4191,蘇澳,鶯歌,5,區間,14:44:00,14:44:00
736,2022/1/14,4193,蘇澳,樹林,5,區間,15:23:00,15:23:00
737,2022/1/14,4197,蘇澳,樹林,5,區間,16:09:00,16:09:00
738,2022/1/14,4198,樹林,蘇澳,5,區間,14:06:00,14:16:00
739,2022/1/14,420,花蓮,臺東,30,自強(DMU2900 型柴聯),12:14:00,12:14:00
740,2022/1/14,4206,宜蘭,花蓮,5,區間,18:00:00,18:00:00
741,2022/1/14,4207,花蓮,宜蘭,5,區間,15:40:00,15:40:00
742,2022/1/14,4208,樹林,蘇澳,5,區間,15:00:00,15:05:00
743,2022/1/14,4209,福隆,桃園,5,區間,18:32:00,18:32:00
744,2022/1/14,421,臺東,樹林,30,普悠瑪,13:10:00,13:10:00
745,2022/1/14,4211,蘇澳,樹林,5,區間,17:17:00,17:17:00
746,2022/1/14,4213,蘇澳,頭城,5,區間,17:45:00,17:45:00
747,2022/1/14,4215,瑞芳,樹林,5,區間,20:02:00,20:02:00
748,2022/1/14,4216,樹林,南澳,5,區間,16:08:00,16:13:00
749,2022/1/14,4218,七堵,福隆,5,區間,17:21:00,17:21:00
750,2022/1/14,422,樹林,新左營,30,普悠瑪,10:23:00,10:28:00
751,2022/1/14,4221,蘇澳,北湖,5,區間,18:15:00,18:15:00
752,2022/1/14,4222,頭城,蘇澳,5,區間,19:00:00,19:00:00
753,2022/1/14,4224,樹林,宜蘭,5,區間,17:00:00,17:02:00
754,2022/1/14,4225,福隆,北湖,5,區間,20:18:00,20:18:00
755,2022/1/14,4227,花蓮,宜蘭,5,區間,17:38:00,17:38:00
756,2022/1/14,4228,宜蘭,花蓮,5,區間,19:43:00,19:43:00
757,2022/1/14,4229,蘇澳,頭城,5,區間,18:41:00,18:41:00
758,2022/1/14,4230,頭城,蘇澳,5,區間,19:46:00,19:46:00
759,2022/1/14,4232,北湖,蘇澳,5,區間,16:17:00,16:29:00
760,2022/1/14,4234,北湖,福隆,5,區間,16:45:00,16:57:00
761,2022/1/14,4235,宜蘭,北湖,5,區間,19:59:00,19:59:00
762,2022/1/14,4236,樹林,瑞芳,5,區間,18:23:00,18:28:00
763,2022/1/14,4237,蘇澳,頭城,5,區間,20:14:00,20:14:00
764,2022/1/14,4238,頭城,蘇澳,5,區間,21:17:00,21:17:00
765,2022/1/14,4240,鶯歌,南澳,5,區間,18:58:00,18:58:00
766,2022/1/14,4241,南澳,樹林,5,區間,20:08:00,20:08:00
767,2022/1/14,4243,蘇澳,七堵,5,區間,21:20:00,21:20:00
768,2022/1/14,4244,樹林,蘇澳,5,區間,19:56:00,20:01:00
769,2022/1/14,4247,花蓮,宜蘭,5,區間,20:13:00,20:13:00
770,2022/1/14,4248,樹林,宜蘭,5,區間,21:04:00,21:09:00
771,2022/1/14,425,臺東,樹林,30,普悠瑪,14:00:00,14:00:00
772,2022/1/14,4252,樹林,福隆,5,區間,21:39:00,21:49:00
773,2022/1/14,4253,蘇澳,頭城,5,區間,22:15:00,22:15:00
774,2022/1/14,426,樹林,知本,30,太魯閣,12:30:00,12:38:00
775,2022/1/14,427,知本,樹林,30,自強(推拉式自強號且無自行車車廂),14:46:00,14:46:00
776,2022/1/14,431,臺東,樹林,30,普悠瑪,15:20:00,15:20:00
777,2022/1/14,432,樹林,臺東,30,太魯閣,14:44:00,14:49:00
778,2022/1/14,436,樹林,臺東,30,普悠瑪,17:33:00,17:38:00
779,2022/1/14,438,樹林,臺東,30,普悠瑪,18:02:00,18:08:00
780,2022/1/14,439,臺東,樹林,30,自強(推拉式自強號且無自行車車廂),17:00:00,17:00:00
781,2022/1/14,441,知本,樹林,30,太魯閣,17:29:00,17:29:00
782,2022/1/14,445,臺東,樹林,30,普悠瑪,19:02:00,19:02:00
783,2022/1/14,447,臺東,樹林,30,太魯閣,20:02:00,20:02:00
784,2022/1/14,448,樹林,臺東,30,太魯閣,19:39:00,19:45:00
785,2022/1/14,4503,光復,花蓮,5,區間,05:25:00,05:25:00
786,2022/1/14,4507,臺東,玉里,5,區間,05:15:00,05:15:00
787,2022/1/14,4508,玉里,臺東,5,區間,05:50:00,05:50:00
788,2022/1/14,4512,關山,臺東,5,區間,08:22:00,08:22:00
789,2022/1/14,4513,玉里,和平,5,區間,05:26:00,05:26:00
790,2022/1/14,4514,花蓮,玉里,5,區間,05:32:00,05:32:00
791,2022/1/14,4516,頭城,鳳林,5,區間,05:41:00,05:41:00
792,2022/1/14,4517,臺東,花蓮,5,區間,06:53:00,06:53:00
793,2022/1/14,4518,玉里,臺東,5,區間,09:17:00,09:17:00
794,2022/1/14,4519,臺東,關山,5,區間,07:22:00,07:22:00
795,2022/1/14,4521,臺東,花蓮,5,區間,09:03:00,09:03:00
796,2022/1/14,4528,花蓮,玉里,5,區間,11:35:00,11:35:00
797,2022/1/14,4534,花蓮,臺東,5,區間,13:20:00,13:20:00
798,2022/1/14,4537,臺東,花蓮,5,區間,14:19:00,14:19:00
799,2022/1/14,4542,玉里,臺東,5,區間,17:04:00,17:04:00
800,2022/1/14,4543,玉里,花蓮,5,區間,17:06:00,17:06:00
801,2022/1/14,4547,臺東,玉里,5,區間,16:45:00,16:45:00
802,2022/1/14,4548,玉里,臺東,5,區間,18:31:00,18:31:00
803,2022/1/14,4550,花蓮,玉里,5,區間,17:49:00,17:49:00
804,2022/1/14,4553,臺東,光復,5,區間,19:22:00,19:22:00
805,2022/1/14,4556,花蓮,臺東,5,區間,18:40:00,18:40:00
806,2022/1/14,4558,花蓮,玉里,5,區間,20:51:00,20:51:00
807,2022/1/14,4703,菁桐,八堵,5,區間,05:11:00,05:11:00
808,2022/1/14,4704,八堵,菁桐,5,區間,04:52:00,04:53:00
809,2022/1/14,4705,菁桐,八堵,5,區間,06:00:00,06:00:00
810,2022/1/14,4706,八堵,菁桐,5,區間,06:09:00,06:10:00
811,2022/1/14,4708,八堵,菁桐,5,區間,06:43:00,06:44:00
812,2022/1/14,4712,八堵,菁桐,5,區間,07:47:00,07:48:00
813,2022/1/14,4733,菁桐,八堵,5,區間,17:06:00,17:06:00
814,2022/1/14,4735,菁桐,瑞芳,5,區間,18:06:00,18:06:00
815,2022/1/14,4737,菁桐,八堵,5,區間,19:39:00,19:39:00
816,2022/1/14,4738,八堵,菁桐,5,區間,18:59:00,19:00:00
817,2022/1/14,4741,菁桐,八堵,5,區間,20:31:00,20:31:00
818,2022/1/14,4742,八堵,菁桐,5,區間,20:48:00,20:50:00
819,2022/1/14,4744,八堵,十分,5,區間,22:08:00,22:10:00
820,2022/1/14,4807,菁桐,八斗子,5,區間,07:27:00,07:27:00
821,2022/1/14,4811,菁桐,八斗子,5,區間,08:18:00,08:18:00
822,2022/1/14,4813,菁桐,八斗子,5,區間,09:11:00,09:11:00
823,2022/1/14,4814,八斗子,菁桐,5,區間,08:50:00,08:50:00
824,2022/1/14,4815,菁桐,八斗子,5,區間,10:11:00,10:11:00
825,2022/1/14,4816,八斗子,菁桐,5,區間,09:40:00,09:40:00
826,2022/1/14,4817,菁桐,八斗子,5,區間,11:11:00,11:11:00
827,2022/1/14,4818,八斗子,菁桐,5,區間,10:40:00,10:40:00
828,2022/1/14,4821,菁桐,八斗子,5,區間,12:11:00,12:11:00
829,2022/1/14,4822,八斗子,菁桐,5,區間,11:40:00,11:40:00
830,2022/1/14,4823,菁桐,八斗子,5,區間,13:11:00,13:11:00
831,2022/1/14,4824,八斗子,菁桐,5,區間,12:40:00,12:40:00
832,2022/1/14,4825,菁桐,八斗子,5,區間,14:11:00,14:11:00
833,2022/1/14,4826,八斗子,菁桐,5,區間,13:40:00,13:40:00
834,2022/1/14,4827,菁桐,八斗子,5,區間,15:11:00,15:11:00
835,2022/1/14,4828,八斗子,菁桐,5,區間,14:40:00,14:40:00
836,2022/1/14,4831,菁桐,八斗子,5,區間,16:06:00,16:06:00
837,2022/1/14,4832,八斗子,菁桐,5,區間,15:40:00,15:40:00
838,2022/1/14,4834,八斗子,菁桐,5,區間,16:40:00,16:40:00
839,2022/1/14,4836,八斗子,菁桐,5,區間,18:15:00,18:15:00
840,2022/1/14,501,彰化,潮州,19,莒光(有身障座位),05:25:00,05:25:00
841,2022/1/14,502,樹林,臺北,19,莒光(無身障座位),07:37:00,07:48:00
842,2022/1/14,506,潮州,七堵,19,莒光(無身障座位),06:26:00,06:34:00
843,2022/1/14,507,七堵,新左營,19,莒光(無身障座位),06:40:00,06:40:00
844,2022/1/14,510,新左營,七堵,19,莒光(無身障座位),09:32:00,09:32:00
845,2022/1/14,511,七堵,新左營,19,莒光(無身障座位),08:46:00,08:46:00
846,2022/1/14,513,七堵,潮州,19,莒光(無身障座位),10:47:00,10:47:00
847,2022/1/14,516,新左營,七堵,19,莒光(無身障座位),12:21:00,12:21:00
848,2022/1/14,521,七堵,新左營,19,莒光(無身障座位),15:38:00,15:38:00
849,2022/1/14,522,新左營,七堵,19,莒光(無身障座位),15:00:00,15:00:00
850,2022/1/14,554,潮州,花蓮,19,莒光(有身障座位),12:56:00,13:04:00
851,2022/1/14,561,花蓮,潮州,19,莒光(有身障座位),09:54:00,09:54:00
852,2022/1/14,562,潮州,花蓮,19,莒光(有身障座位),09:46:00,09:57:00
853,2022/1/14,5854,新竹,宜蘭,19,莒光(郵輪式列車),06:35:00,06:35:00
854,2022/1/14,5898,臺東,枋寮,20,普快(專開列車),14:15:00,14:15:00
855,2022/1/14,5899,枋寮,臺東,20,普快(專開列車),10:28:00,10:28:00
856,2022/1/14,602,花蓮,臺東,19,莒光(有身障座位),06:35:00,06:35:00
857,2022/1/14,605,花蓮,樹林,13,復興,06:05:00,06:05:00
858,2022/1/14,6096,臺東,潮州,30,自強(商務專開列車),09:18:00,09:18:00
859,2022/1/14,6098,潮州,新左營,30,自強(商務專開列車),17:50:00,18:10:00
860,2022/1/14,611,臺東,花蓮,13,復興,18:04:00,18:04:00
861,2022/1/14,6198,樹林,臺東,30,自強(專開列車),08:06:00,08:14:00
862,2022/1/14,642,樹林,臺東,13,復興,09:32:00,09:42:00
863,2022/1/14,6452,臺東,臺南,19,莒光(專開列車),15:38:00,15:38:00
864,2022/1/14,653,臺東,彰化,19,莒光(有身障座位),11:27:00,11:27:00
865,2022/1/14,6732,新左營,豐富,20,普快(專開列車),07:10:00,07:25:00
866,2022/1/14,6733,竹南,新左營,20,普快(專開列車),13:42:00,13:42:00
867,2022/1/14,702,臺東,新左營,19,莒光(無身障座位),07:17:00,07:17:00
868,2022/1/14,704,臺東,新左營,19,莒光(無身障座位),11:15:00,11:15:00
869,2022/1/14,707,新左營,臺東,19,莒光(無身障座位),13:53:00,13:53:00
870,2022/1/14,708,臺東,新左營,19,"莒光(有身障座位, 有自行車車廂)",15:55:00,15:55:00
871,2022/1/14,711,新左營,臺東,19,莒光(無身障座位),06:26:00,06:26:00
872,2022/1/14,713,新左營,臺東,19,莒光(無身障座位),17:02:00,17:02:00
873,2022/1/14,751,彰化,臺東,19,"莒光(有身障座位, 有自行車車廂)",06:12:00,06:12:00
874,2022/1/14,754,臺東,彰化,19,"莒光(有身障座位, 有自行車車廂)",13:55:00,13:55:00
875,2022/1/14,81,臺東,樹林,19,"莒光(無身障座位, 有自行車車廂)",16:00:00,16:00:00
876,2022/1/14,82,樹林,臺東,19,"莒光(無身障座位, 有自行車車廂)",06:49:00,06:54:00
